builder,height
ArizonanHODL,5
happyclowntime,6
satskeeper,7
happyclowntime,8
N0US3F0R4N4M3,9
temahkwe,10
satskeeper,11
N0US3F0R4N4M3,12
happyclowntime,13
phathodl,14
sonoran_capital,15
AnthonyDessauer,16
sathoarder,17
happyclowntime,18
N0US3F0R4N4M3,19
N0US3F0R4N4M3,20
N0US3F0R4N4M3,21
satskeeper,23
AnthonyDessauer,24
sathoarder,25
oklahodl1,26
Nic_Farter,27
AnimalGlasswrks,28
satskeeper,29
AnimalGlasswrks,30
britttttkelly,31
moreBTCplease,32
Nic_Farter,33
sonoran_capital,34
satskeeper,35
sathoarder,36
happyclowntime,37
BoilerBitRoom,38
sonoran_capital,40
happyclowntime,41
moreBTCplease,42
satskeeper,43
BitcoinCarl_,44
PhileTech,45
sonoran_capital,46
chaircoin,47
SatoshiDeniz,48
happyclowntime,49
freeslave06,50
sonoran_capital,51
MassHodl,52
phathodl,53
happyclowntime,54
BitcoinCarl_,55
satskeeper,56
chaircoin,57
IwanRabbinstein,58
hodlorado,59
booleangang,60
jevidon,61
BitcoinianMan,62
BitcoinianMan,63
BitcoinianMan,64
BitcoinianMan,65
BitcoinianMan,66
BitcoinianMan,67
BitcoinianMan,68
BitcoinianMan,69
Nic_Farter,70
btcitadad,71
LPCapitalChi,72
bitman013,73
Nic_Farter,74
vincehunt13,75
CornMooNaut,76
corndalorian,77
uncle_maks,78
cornokun,79
cornokun,80
WhyBitcoinJ,81
phathodl,82
phathodl,83
sonoran_capital,84
sonoran_capital,85
SovereignIndi10,86
SovereignIndi10,87
YoshishiSatoshi,88
YoshishiSatoshi,89
YoshishiSatoshi,90
sathoarder,91
bitcoinkastle,92
YoshishiSatoshi,93
bitk0rns (deleted),94
WhyBitcoinJ,95
cornokun,96
sonoran_capital,97
YoshishiSatoshi,98
YoshishiSatoshi,99
cornokun,100
bitk0rns (deleted),101
YoshishiSatoshi,102
sathoarder,103
YoshishiSatoshi,104
elpasobitcoin,105
stel248,106
stevenSatoshi2,107
denverbitcoin,108
YoshishiSatoshi,109
sathoarder,110
hodlorado,111
newhopehodl,112
bitk0rns (deleted),113
YoshishiSatoshi,114
sathoarder,115
btcitadad,116
Jadklein,117
YoshishiSatoshi,118
HodlAlabamGhost,119
rufhodl,120
nikolasatsla,121
YoshishiSatoshi,122
rufhodl,123
sathoarder,124
DecrimNat,125
bc1pw (Deleted),126
bc1pw (Deleted),127
HodlAlabamGhost,128
YoshishiSatoshi,129
point_btc,130
YoshishiSatoshi,131
YoshishiSatoshi,132
YoshishiSatoshi,133
point_btc,134
rufhodl,135
bitk0rns (deleted),136
YoshishiSatoshi,137
satskeeper,138
bitk0rns (deleted),139
rufhodl,140
bitman013,141
YoshishiSatoshi,142
uncle_maks,143
DanjaminDW,144
ungovbitcoin,145
IndyBTC,146
MassHodl,147
cornokun,148
sathoarder,149
PhileTech,150
YoshishiSatoshi,151
BitcoinCarl_,152
toomadbro (Deleted),153
pleblira,154
sathoarder,155
DingDong3001,156
gettxoutsetinfo,157
KevinR4v,158
Nic_Farter,159
MitchellHODL,160
toomadbro (Deleted),161
sathoarder,162
swaaalla,163
hodloevsky,164
IndividuSouvryn,165
BitcoinLefty,166
rufhodl,167
ArgenTo46,168
Tsartoshi,169
onthebrinkie,170
pleblira,171
sathoarder,172
FinneJay,173
lordboglin,174
fiatpack,175
sathoarder,176
pleblira,177
BitcoinLefty,178
YoshishiSatoshi,179
BitcoinianMan,180
cornokun,181
nikolasatsla,182
x_hodler,183
DylanLeClair_,184
NY_HODL,185
ShireHODL,186
BowTiedClubPro,188
sathoarder,189
Jadklein,190
21_btc,191
JohnOdetteMD,192
hashpuppeez,193
kit_sats,194
sathoarder,195
BtcOrNothing21M,196
YoshishiSatoshi,197
sonoran_capital,198
point_btc,199
DecrimNat,200
HodlAlabamGhost,201
jevidon,202
sathoarder,203
bradleychambers,204
hodlorado,205
TheGuySwann,206
StakchainBuddha,207
bamahodl,208
SovereignIndi10,209
Peelsanddeals,210
mollura,211
DanjaminDW,212
pleblira,213
BitcoinBulwark (Deleted),214
BitcoinOdyssey,215
MancHODL,216
future_hodl,217
tensaibankai,218
PalestinianBTC,219
2EzJason,220
sathoarder,221
BitcoinOdyssey,222
SovereignIndi10,223
chaircoin,224
HodlMc,225
mionim3,226
PlebPlay,227
YoshishiSatoshi,228
derekmross,229
BitcoinIsaiah,230
BitcoinOdyssey,231
NHuvelle,232
StackchainQuant,233
BitcoinCarl_,234
NEEDcreations,235
BtcChewy,236
YoshishiSatoshi,237
BitcoinOdyssey,238
ScottyHODL,239
__overflow_,240
Rickstar72,241
ScottyHODL,242
RunJdub,243
SlapHands,244
JohnOdetteMD,245
HODLmom,246
StackchainQuant,247
stel248,248
BitcoinOdyssey,249
BitcoinOdyssey,250
johnnybuma,251
rufhodl,252
elpasobitcoin,253
tulkooo2,254
StackchainQuant,255
satskeeper,256
rufhodl,257
HodlAlabamGhost,258
MrClownWorld,259
ScottyHODL,260
Pleb4Fun,261
0xtr,262
RunJdub,263
Pleb4Fun,264
bamahodl,265
BitBuyByte,266
sathoarder,267
ScotiaHodl,268
sonoran_capital,269
BowTiedClubPro,270
rot13maxi,271
BitcoinLefty,272
callebtc,273
rot13maxi,274
BitcoinOdyssey,275
hashpuppeez,276
floundies,277
StakchainBuddha,278
djs_btc,279
StackchainQuant,280
zackvoell,281
CypherPony,282
HodlSaiyan,283
Stackjoin,284
djs_btc,285
mononautical,286
StormJib,287
FreedomMoney21,288
ScottyHODL,289
RunJdub,290
hodlsville,291
sathoarder,292
BitcoinOdyssey,293
BitcoinOdyssey,294
StakchainBuddha,295
b_i_s_c_u_i_t_s,296
Nic_Farter,297
Meditation_Man,298
johnnybuma,299
johnnybuma,300
StakchainBuddha,301
StackchainQuant,302
hodlorado,303
btcitadad,304
gauchoeddy,305
BTC_Freeborn,306
stewArtVandelay,307
fire_btc,308
mumerbukhari,309
lwbcbtc,310
BTC_Freeborn,311
YoshishiSatoshi,312
point_btc,313
lwbcbtc,314
sathoarder,315
bitk0rns (deleted),316
yeagernakamoto,317
birdflip,318
LPCapitalChi,319
StakchainBuddha,320
bitcoinandfish,321
Capital15C,322
stillbtc,323
DaveAustin,324
BtcChewy,325
Volcanoblond,326
RustCityLabs,327
SovereignIndi10,328
ClydeCryptoDog,329
SovereignIndi10,330
PalestinianBTC,331
JohnOdetteMD,332
JohnOdetteMD,333
sathoarder,334
hyper_deflation,335
YoshishiSatoshi,336
PalestinianBTC,337
PalestinianBTC,338
hyper_deflation,339
nick_slaney,340
JackRonaldi,341
Capital15C,342
StakchainBuddha,343
DS_21M,344
BitcoinOdyssey,345
BitcoinOdyssey,346
G8XSU,347
mollura,348
HodlProtagonist,349
NukeMarz,350
ericromero,351
pacificemeralds,352
nickkrauts (deleted),353
StackchainQuant,354
Dennis_Porter_,355
bitcoinmom,356
AlmostHeavenWV_,357
imjmiles,358
souldbuybtc,359
Metatainment,360
Asher68W,361
HodlAlabamGhost,362
mutatrum,363
StakchainBuddha,364
ungovbitcoin,365
w_s_bitcoin,366
YoshishiSatoshi,367
YoshishiSatoshi,368
CultureWar1984,369
Jose_S_bam,370
RunJdub,371
RunJdub,372
RunJdub,373
oomahq,374
LPCapitalChi,375
RPGMoney303,376
RPGMoney303,377
bitcoinkastle,378
AlecGriffin21,379
truthfulthird,380
stel248,381
dcotronejr,382
btcitadad,383
pacificemeralds,384
JohnnyAceves3,385
BowTiedClubPro,386
StakchainBuddha,387
StakchainBuddha,388
JODBTC,389
PalestinianBTC,390
PalestinianBTC,391
Trojan81,392
nickkrauts (deleted),393
YoshishiSatoshi,394
YoshishiSatoshi,395
YoshishiSatoshi,396
nickkrauts (deleted),397
yeagernakamoto,398
hashpuppeez,399
Volcanoblond,400
SaguaroSloth,401
hosekiapp,402
xavroland,403
BTC_Freeborn,404
YoshishiSatoshi,405
YoshishiSatoshi,406
YoshishiSatoshi,407
YoshishiSatoshi,408
YoshishiSatoshi,409
YoshishiSatoshi,410
YoshishiSatoshi,411
YoshishiSatoshi,412
YoshishiSatoshi,413
YoshishiSatoshi,414
YoshishiSatoshi,415
YoshishiSatoshi,416
YoshishiSatoshi,417
YoshishiSatoshi,418
YoshishiSatoshi,419
YoshishiSatoshi,420
BitcoinOdyssey,421
BitcoinOdyssey,422
sathoarder,423
TheMoneyTech,424
hashing2heating,425
TheMoneyTech,426
StakchainBuddha,427
mollura,428
truthfulthird,429
YoshishiSatoshi,430
Filoumannn,431
YoshishiSatoshi,432
StakchainBuddha,433
VoxPopoli86,434
HodlMc,435
skitoshi,436
nickkrauts (deleted),437
codybaldwin,438
MylesHunter,439
JSJumping,440
nickkrauts (deleted),441
YoshishiSatoshi,442
YoshishiSatoshi,443
YoshishiSatoshi,444
AisARagnar,445
dazbea1,446
mnzcmrz,447
Simon_Satoshi,448
BitcoinOdyssey,449
BitcoinOdyssey,450
BitcoinOdyssey,451
RPGMoney303,452
Capital15C,453
badcheffing,454
__overflow_,455
sathoarder,456
VoxPopoli86,457
ColumbusBitcoin,458
btcuserguide,459
rufhodl,460
nickkrauts (deleted),461
sathoarder,462
btcitadad,463
HodlAlabamGhost,464
toro770,465
StakchainBuddha,466
JohnOdetteMD,467
JohnOdetteMD,468
JohnOdetteMD,469
YoshishiSatoshi,470
Nic_Farter,471
Jose_S_bam,472
noufsmith,473
BTC_Freeborn,474
BTC_for_Freedom,475
ajmellon,476
coryklippsten,477
coryklippsten,478
YoshishiSatoshi,479
,480
DrFOMO_Nash,481
AisARagnar,482
,483
AisARagnar,484
DarkTedrad,485
psychautist,486
unbeenfranked,487
MicahMcHODLson,488
BTCAaron,489
BitcoinBo,490
DougTee2,491
BTCAaron,492
Jose_S_bam,493
piramida,494
sndbtc,495
BitcoinBo,496
Capital15C,497
StakchainBuddha,498
RPGMoney303,499
RPGMoney303,500
RPGMoney303,501
RPGMoney303,502
Meditation_Man,503
D_plus_plus,504
StackchainQuant,505
cabincryptoguy,506
seeknonce,507
BitcoinBo,508
kuobano,509
pampit57,510
seeknonce,511
BitcoinBo,512
dave_gringo,513
dave_gringo,514
dave_gringo,515
dave_gringo,516
dave_gringo,517
dave_gringo,518
dave_gringo,519
dave_gringo,520
dave_gringo,521
dave_gringo,522
dave_gringo,523
dave_gringo,524
dave_gringo,525
dave_gringo,526
dave_gringo,527
dave_gringo,528
dave_gringo,529
dave_gringo,530
dave_gringo,531
YoshishiSatoshi,532
HodlAlabamGhost,533
HolySats,534
StakchainBuddha,535
StakchainBuddha,536
UsuallyMark,537
HodlMaryland,538
sathoarder,539
BigSeanHarris,540
BitcoinOdyssey,541
StakchainBuddha,542
truthfulthird,543
brendonculhane,544
brendonculhane,545
HodlMaryland,546
dave_gringo,547
wtfakamoto,548
YoshishiSatoshi,549
YoshishiSatoshi,550
YoshishiSatoshi,551
YoshishiSatoshi,552
YoshishiSatoshi,553
YoshishiSatoshi,554
YoshishiSatoshi,555
psychautist,556
sathoarder,557
HodlAlabamGhost,558
strictlyBTC,559
sathoarder,560
ShitCinc,561
Tylerban,562
MDoolsky,563
future_hodl,564
AlmostHeavenWV_,565
BTC_Freeborn,566
truthfulthird,567
sathoarder,568
BtcChewy,569
StackchainQuant,570
JohnOdetteMD,571
HodlSaiyan,572
Thelllix,573
Brah256_,574
Florida_Btc,575
Blackstone_fr,576
BTC_Freeborn,577
Blackstone_fr,578
SanDiegoPleb,579
BTC_Freeborn,580
BTC_Freeborn,581
BTC_Freeborn,582
Blackstone_fr,583
sathoarder,584
Crypto_Buckeye,585
taodejing2,586
jerimican5445,587
MaliVitale,588
decker_btc,589
sathoarder,590
taodejing2,591
BowTiedClubPro,592
FullTimeBitcoin,593
PortlandHODL,594
StackchainQuant,595
WalkerAmerica,596
Valuestackpod,597
btcitadad,598
hodlorado,599
truthfulthird,600
hyp0xicdrive,601
sathoarder,602
BitcoinBo,603
BtcChewy,604
rufhodl,605
rufhodl,606
rufhodl,607
maskoficarus (deleted),608
crunkmaster,609
happyclowntime,610
YoshishiSatoshi,611
truthfulthird,612
YoshishiSatoshi,613
YoshishiSatoshi,614
bc1pw,615
BtcChewy,616
,617
GreatLakesHodl,
Randy84772396,
taodejing2,618
taodejing2,619
taodejing2,620
taodejing2,621
MaliVitale,622
taodejing2,623
SanDiegoPleb,624
taodejing2,625
dave_gringo,626
dave_gringo,627
taodejing2,628
taodejing2,629
Varillas_3,630
dave_gringo,631
yeagernakamoto,632
HodlSaiyan,633
__overflow_,634
sathoarder,635
CultureWar1984,636
HodlSaiyan,637
BtcChewy,638
sathoarder,639
HodlMc,640
mionim3,641
sathoarder,642
ColumbusBitcoin,643
ColumbusBitcoin,644
ColumbusBitcoin,645
ColumbusBitcoin,646
decker_btc,647
decker_btc,648
decker_btc,649
decker_btc,650
bamahodl,651
StackchainQuant,652
BtcChewy,653
BitcoinBo,654
future_hodl,655
efebitcoin,656
efebitcoin,657
efebitcoin,658
BtcChewy,659
sathoarder,660
BitcoinBo,661
MassHodl,662
MassHodl,663
MassHodl,664
psychautist,665
psychautist,666
hashing2heating,667
StormJib,668
StackchainQuant,669
StackchainQuant,670
StackchainQuant,671
StackchainQuant,672
FreedomMoney21,673
TheMoneyTech,674
sempercrescere,675
btc_plus_plus,676
The_BTC_Base,677
AutisticHODL,678
BitcoinBo,679
StakchainBuddha,680
NEEDcreations,681
StakchainBuddha,682
sathoarder,683
JSJumping,684
BtcChewy,685
GClef05,686
michael14473043,687
michael14473043,688
decker_btc,689
michael14473043,690
decker_btc,691
sathoarder,692
bitman013,693
bitman013,694
GClef05,695
GClef05,696
ChillnBTC,697
JohnOdetteMD,698
JohnOdetteMD,699
sathoarder,700
sathoarder,701
YoshishiSatoshi,702
YoshishiSatoshi,703
DBipolart,704
BowTiedClubPro,705
StackchainQuant,706
StackchainQuant,707
ItsTime4Bitcoin,708
sndbtc,709
sndbtc,710
MassHodl,711
derekmross,712
sathoarder,713
sathoarder,714
michael14473043,715
RunJdub,716
BTCMaxi21000000 (deleted),717
thecryptoc0uple,718
hodlorado,719
blockbain,720
CultureWar1984,721
IronMetabolism,722
IronMetabolism,723
BTC_Freeborn,724
BitcoinOdyssey,725
decker_btc,726
ChillnBTC,727
JohnOdetteMD,728
BtcChewy,729
HodlMaryland,730
_Ben_in_Chicago,731
StackchainQuant,732
NWHODL,733
LPCapitalChi,734
spartan_hodl146,735
bamahodl,736
BitcoinBo,737
ajmellon,738
phathodl,739
mollura,740
JaimeWGarcia,741
canavel9,
BtcChewy,742
BtcChewy,743
BtcChewy,744
StackchainQuant,745
JaimeWGarcia,746
WaldoVision3,
StakchainBuddha,747
sathoarder,748
JohnOdetteMD,749
dissindollars,750
Capital15C,751
StakchainBuddha,752
BitcoinBlackSea,753
sathoarder,754
NEEDcreations,755
LPCapitalChi,756
Vikingobitcoin9,757
wowbitcoinrocks,758
BitcoinOdyssey,759
deeznutsbtc,760
jeremyshowalter,761
ChillnBTC,762
sathoarder,763
skoob777,764
Trigger__Down,765
BitcoinBulwark,766
MrClownWorld,767
BitcoinBo,768
YoshishiSatoshi,769
toro770,770
YoshishiSatoshi,771
YoshishiSatoshi,772
YoshishiSatoshi,773
YoshishiSatoshi,774
YoshishiSatoshi,775
YoshishiSatoshi,776
YoshishiSatoshi,777
PeterSa1717,778
BTCBrisket,779
BtcChewy,780
AnthonyDessauer,781
RustCityLabs,782
Mynima4,783
JaimeLoopz,784
Nic_Farter,785
bitman013,786
BtcChewy,787
sathoarder,788
StakchainBuddha,789
Trigger__Down,790
JSJumping,791
JSJumping,792
sathoarder,793
strictlyBTC,794
sathoarder,795
deeznutsbtc,796
utxoset,797
Simon_Satoshi,798
BitcoinBo,799
BitcoinBo,800
BitcoinBo,801
BitcoinBo,802
YoshishiSatoshi,803
YoshishiSatoshi,804
YoshishiSatoshi,805
YoshishiSatoshi,806
BitcoinBo,807
JaimeLoopz,808
bitcoinbbq,809
parman_the,810
sathoarder,811
LABRAHODL20,812
HodlProtagonist,813
michael14473043,814
bamahodl,815
realJeanRausis,816
thecryptoc0uple,817
taodejing2,818
michael14473043,819
michael14473043,820
michael14473043,821
michael14473043,822
SusieBdds,823
SusieBdds,824
SusieBdds,825
BitcoinShooter,826
SusieBdds,827
StakchainBuddha,828
stackysats,829
JSJumping,830
JSJumping,831
PJV97054642,832
ChillnBTC,833
bryan21896,834
bitcoindario,835
davidgshort,836
mercurygordon,837
sathoarder,838
sathoarder,839
ComeAtMeBroBTC,840
YoshishiSatoshi,841
YoshishiSatoshi,842
JODBTC,843
bitcoinbbq,844
Mynima4,845
FinneJay,846
stackysats,847
BowTiedClubPro,848
TYVR8,849
ungovbitcoin,850
ericcantmeme,851
hodlica,852
mionim3,853
PlebPlay,854
joshua_erby,855
vicariousdrama,
crypto_0ptimist,
BtcChewy,856
bryan21896,857
MDoolsky,858
JohnOdetteMD,859
JohnOdetteMD,860
HodlAlabamGhost,861
meta_logician,862
JSJumping,863
sathoarder,864
YoshishiSatoshi,865
hodlB4life,866
YoshishiSatoshi,867
YoshishiSatoshi,868
sathoarder,869
JSJumping,870
mercurygordon,871
JSJumping,872
YoshishiSatoshi,873
bitcoinbbq,874
Capital15C,875
geekigai,876
hodlB4life,877
parman_the,878
JSJumping,879
sathoarder,880
bryan21896,881
bitcoinbbq,882
taodejing2,883
taodejing2,884
taodejing2,885
taodejing2,886
taodejing2,887
taodejing2,888
MaliVitale,889
MaliVitale,890
taodejing2,891
MaliVitale,892
JohnOdetteMD,893
bitcoinbbq,894
MaliVitale,895
StakchainBuddha,896
sathoarder,897
sathoarder,898
sathoarder,899
sathoarder,900
sathoarder,901
StakchainBuddha,902
YoshishiSatoshi,903
YoshishiSatoshi,904
YoshishiSatoshi,905
YoshishiSatoshi,906
YoshishiSatoshi,907
YoshishiSatoshi,908
YoshishiSatoshi,909
YoshishiSatoshi,910
YoshishiSatoshi,911
YoshishiSatoshi,912
YoshishiSatoshi,913
YoshishiSatoshi,914
YoshishiSatoshi,915
YoshishiSatoshi,916
YoshishiSatoshi,917
YoshishiSatoshi,918
YoshishiSatoshi,919
Capital15C,920
RunJdub,921
sathoarder,922
bitcoindario,923
BitcoinOdyssey,924
BitcoinBo,925
DrFOMO_Nash,926
bamahodl,927
spacexmannequin,928
stackysats,929
fiatforassets,930
stakchainBuddha,931
sathoarder,932
bryan21896,933
YoshishiSatoshi,934
BitcoinOdyssey,935
LarryBinanceJr,936
BtcChewy,937
NWQLD,938
hkmccullough,939
DecrimNat,940
sathoarder,941
YoshishiSatoshi,942
bitcoindario,943
NWQLD,944
bitcoinordeath,945
Volcanoblond,946
paman_the,947
bitcoinbbq,948
BowTiedClubPro,949
YoshishiSatoshi,950
YoshishiSatoshi,951
bitcoinbbq,952
mionim3,953
BtcChewy,954
ComeAtMeBroBTC,955
fiatforassets,956
psychautist,957
psychautist,958
psychautist,959
sathoarder,960
YoshishiSatoshi,961
utxoset,962
utxoset,963
utxoset,964
utxoset,965
utxoset,966
utxoset,967
utxoset,968
utxoset,969
utxoset,970
utxoset,971
utxoset,972
utxoset,973
utxoset,974
utxoset,975
utxoset,976
utxoset,977
utxoset,978
utxoset,979
utxoset,980
utxoset,981
utxoset,982
utxoset,983
utxoset,984
utxoset,985
utxoset,986
cornokun,987
dasrecord,988
PeterAnsel9,989
Plutoshi_gm,990
M0FL0_,991
Semisol_Public,992
nikita_calm,993
sathoarder,994
bryan21896,995
realJeanRausis,996
realJeanRausis,997
realJeanRausis,998
realJeanRausis,999
realJeanRausis,1000
utxoset,1001
hodlB4life,1002
hodlB4life,1003
YoshishiSatoshi,1004
YoshishiSatoshi,1005
YoshishiSatoshi,1006
YoshishiSatoshi,1007
YoshishiSatoshi,1008
YoshishiSatoshi,1009
YoshishiSatoshi,1010
YoshishiSatoshi,1011
YoshishiSatoshi,1012
YoshishiSatoshi,1013
YoshishiSatoshi,1014
YoshishiSatoshi,1015
YoshishiSatoshi,1016
YoshishiSatoshi,1017
YoshishiSatoshi,1018
YoshishiSatoshi,1019
YoshishiSatoshi,1020
YoshishiSatoshi,1021
YoshishiSatoshi,1022
YoshishiSatoshi,1023
YoshishiSatoshi,1024
YoshishiSatoshi,1025
YoshishiSatoshi,1026
YoshishiSatoshi,1027
RunJdub,1028
HODLmars,1029
_StoicBTC_,1030
_StoicBTC_,1031
_StoicBTC_,1032
HODLmars,1033
_StoicBTC_,1034
HODLmars,1035
HODLMars,1036
_StoicBTC_,1037
HODLMars,1038
derekmross,1039
arn_ld,
_StoicBTC_,1040
HODLmars,1041
HODLmars,1042
Filoumannn,1043
HODLmars,1044
HODLmars,1045
HODLmars,1046
HODLmars,1047
BarryDeen,1048
bamahodl,1049
BitcoinOdyssey,1050
BitcoinianMan,1051
yorios9312,1052
mionim3,1053
bitcoinbbq,1054
sathoarder,1055
Way2Lively,1056
Way2Lively,1057
Way2Lively,1058
MaliVitale,1059
parman_the,1060
utxoset,1061
_StoicBTC_,1062
_StoicBTC_,1063
FreeMarketBitty,1064
TYV28,1065
TYV28,1066
_StoicBTC_,1067
decker_btc,1068
decker_btc,1069
decker_btc,1070
decker_btc,1071
thecryptoc0uple,1072
decker_btc,1073
fiatforassets,1074
fiatforassets,1075
fiatforassets,1076
marcwparrish,1077
sathoarder,1078
fiatforassets,1079
marcwparrish,1080
marcwparrish,1081
marcwparrish,1082
marcwparrish,1083
marcwparrish,1084
marcwparrish,1085
marcwparrish,1086
marcwparrish,1087
marcwparrish,1088
marcwparrish,1089
marcwparrish,1090
PeterAnsel9,1091
utxoset,1092
utxoset,1093
utxoset,1094
utxoset,1095
utxoset,1096
utxoset,1097
utxoset,1098
utxoset,1099
utxoset,1100
utxoset,1101
utxoset,1102
utxoset,1103
utxoset,1104
utxoset,1105
utxoset,1106
utxoset,1107
utxoset,1108
utxoset,1109
utxoset,1110
hodlB4life,1111
DecrimNat,1112
ChillnBTC,1113
FinneJay,1114
truthfulthird,1115
AceOneTwo2,1116
jcope101,
sathoarder,1117
sathoarder,1118
decker_btc,1119
BowTiedClubPro,1120
PeterAnsel9,1121
utxoset,1122
FreeMarketBitty,1123
,1124
_StoicBTC_,1125
HodlAlabamGhost,1126
SaguaroSloth,1127
m1k__3,1128
StakchainBuddha,1129
southside263,1130
MrClownWorld,1131
truthfulthird,1132
truthfulthird,1133
dave_gringo,1134
MDoolsky,1135
toxicwholecoin,1136
truthfulthird,1137
bamahodl,1138
BTC_Freeborn,1139
sathoarder,1140
toro770,1141
AP_Bitcoin,1142
BtcChewy,1143
truthfulthird,1144
BtcChewy,1145
utxoset,1146
theillix,1147
astin_marton,
DaveAustin,1148
sathoarder,1149
BtcChewy,1150
JohnOdetteMD,1151
JohnOdetteMD,1152
mionim3,1153
BigNCheesy,1154
BigNCheesy,1155
bamahodl,1156
bamahodl,1157
bamahodl,1158
bamahodl,1159
bamahodl,1160
bamahodl,1161
NWQLD,1162
Capital15C,1163
BtcChewy,1164
masshodl,1165
bobvankirk,1166
scotoshi,1167
Motoshi929249948,1168
fiatforassets,1169
SatStakkin,1170
BtcChewy,1171
wowbitcoinrocks,1172
BigNCheesy,1173
BigNCheesy,1174
BigNCheesy,1175
BigNCheesy,1176
,1177
BTC_Freeborn,1178
BtcChewy,1179
cornokun,1180
ubeenfranked,1181
andersegenes,1182
ubeenfranked,1183
Duncan19Sard1,1184
fiatforassets,1185
DaveAustin,1186
fiatforassets,1187
taodejing2,1188
PeterAnsel9,1189
LuisMoreira0010,1190
SatStakkin,1191
bamahodl,1192
Lake_TaHODL,1193
michael14473043,1194
michael14473043,1195
SatStakkin,1196
SatStakkin,1197
Michael94377078,1198
BtcChewy,1199
hi_antlam,1200
Lake_TaHODL,1201
RunJdub,1202
ubeenfranked,1203
ChilInBTC,1204
andersegenes,1205
toxicwholecoin,1206
SiskronTom,1207
EryDayHustling,1208
fiatforassets,1209
BtcChewy,1210
ubeenfranked,1211
ubeenfranked,1212
,1213
Hail_Odin666,1214
ubeenfranked,1215
JohnOdetteMD,1216
,1217
,1218
,1219
,1220
fiatforassets,1221
LoKoBTC,1222
CedYoungelman,1223
PeterAnsel9,1224
,1225
thecryptoc0up1e,1226
dricehomes,1227
taodejing2,1228
,1229
decker_btc,1230
long_21m,1231
utxoset,1232
BitBallin,1233
BTC_Freeborn,1234
BTC_Freeborn,1235
BTC_Freeborn,1236
Mynima4,1237
,1238
AP_Bitcoin,1239
,1240
,1241
dricehomes,1242
bamahodl,1243
,1244
,1245
,1246
,1247
,1248
,1249
,1250
,1251
,1252
,1253
,1254
,1255
,1256
,1257
,1258
,1259
,1260
,1261
bamahodl,1262
,1263
,1264
,1265
,1266
,1267
,1268
,1269
,1270
,1271
,1272
bamahodl,1273
bamahodl,1274
,1275
,1276
,1277
,1278
,1279
,1280
,1281
,1282
,1283
,1284
,1285
,1286
,1287
,1288
,1289
,1290
,1291
BtcChewy,1292
Motoshi92924948,1293
mionim3,1294
dricehomes,1295
WalkerAmerica,1296
sathoarder,1297
sathoarder,1298
fiatforassets,1299
RunJdub,1300
sathoarder,1301
andersegenes,1302
DaveAustin,1303
dricehomes,1304
Capital15C,1305
decker_btc,1306
utxoset,1307
utxoset,1308
utxoset,1309
utxoset,1310
utxoset,1311
utxoset,1312
utxoset,1313
utxoset,1314
utxoset,1315
utxoset,1316
utxoset,1317
utxoset,1318
Puppertoshi2,1319
fiatforassets,1320
HodlAlabamGhost,1321
bamahodl,1322
BTC_Freeborn,1323
BigNCheesy,1324
BigNCheesy,1325
ChillnBTC,1326
utxoset,1327
ChillnBTC,1328
utxoset,1329
BTC_Freeborn,1330
BTC_Freeborn,1331
hi_antlam,1332
bamahodl,1333
Motoshi92924948,1334
utxoset,1335
YoshishiSatoshi,1336
YoshishiSatoshi,1337
taodejing2,1338
sathoarder,1339
dricehomes,1340
BTC_Freeborn,1341
utxoset,1342
StakchainBuddha,1343
PeterAnsel9,1344
fiatforassets,1345
utxoset,1346
wt1oz,1347
StakchainBuddha,1348
truthfulthird,1349
BitcoinUndisc,1350
BitcoinUndisc,1351
BtcChewy,1352
BtcChewy,1353
JohnOdetteMD,1354
dergigi,1355
BitcoinOdyssey,1356
utxoset,1357
,1358
,1359
,1360
,1361
,1362
,1363
,1364
,1365
,1366
,1367
MaliVitale,1368
utxoset,1369
SiskronTom,1370
rob_redcorn,1371
GHodl88,
bryan21896,
fiatforassets,1372
,1373
truthfulthird,1374
bamahodl,1375
MateoVanhorn,1376
OrangePild,
BtcLiberty,
utxoset,1377
dricehomes,1378
BTC_Freeborn,1379
,1380
BitPundit,1381
utxoset,1382
happyclowntime,1383
fiatforassets,1384
BtcChewy,1385
BTC_Freeborn,1386
BtcChewy,1387
taodejing2,1388
utxoset,1389
ChillnBTC,1390
Motoshi92924948,1391
utxoset,1392
unbeenfranked,1393
mionim3,1394
,1395
,1396
,1397
fiatforassets,1398
BitcoinOdyssey,1399
JohnOdetteMD,1400
BTC_Freeborn,1401
ChillnBTC,1402
JohnOdetteMD,1403
,1404
,1405
,1406
,1407
,1408
,1409
,1410
,1411
,1412
,1413
JohnOdetteMD,1414
ChillnBTC,1415
utxoset,1416
ChillnBTC,1417
,1418
OrangePild,1419
OrangePild,1420
,1421
,1422
,1423
fiatforassets,1424
BitcoinBo,1425
yeagernakamoto,1426
BadWolfHODL,1427
,1428
,1429
fiatforassets,1430
BtcChewy,1431
doctorsatoshiMD,1432
utxoset,1433
BoilerBitRoom,1434
ChillnBTC,1435
PeterAnsel9,1436
fiatforassets,1437
BtcChewy,1438
ChartsBTC,1439
BTC_Freeborn,1440
mac_martins,1441
HodlAlabamGhost,1442
utxoset,1443
LoKoBTC,1444
_StoicBTC_,1445
_StoicBTC_,1446
coldhardbtc,1447
,1448
,1449
,1450
,1451
,1452
fiatforassets,1453
BtcChewy,1454
ChillnBTC,1455
AndrejCibik,1456
Train_Johnson,
bamahodl,1457
BitcoinOdyssey,1458
BTC_Freeborn,1459
bamahodl,1460
Motoshi929249948,1461
BitcoinBo,1462
fiatforassets,1463
sathoarder,1464
BtcChewy,1465
sathoarder,1466
taodejing2,1467
ChillnBTC,1468
ChillnBTC,1469
BTC_Freeborn,1470
utxoset,1471
,1472
ChillnBTC,1473
MaliVitale,1474
bamahodl,1475
Motoshi92924948,1476
,1477
taodejing2,1478
BTC_Freeborn,1479
utxoset,1480
Masshodl,1481
StakchainBuddha,1482
fiatforassets,1483
JohnOdette MD,1484
TheJoelMettler,1485
,1486
ChillnBTC,1487
coldhardbtc,1488
BitcoinBo,1489
,1490
utxoset,1491
caroghero,1492
BtcChewy,1493
MaliVitale,1494
taodejing2,1495
bamahodl,1496
MassHodl,1497
realJeanRausis,1498
realJeanRausis,1499
realJeanRausis,1500
realJeanRausis,1501
Masshodl,1502
sathoarder,1503
fiatforassets,1504
fiatforassets,1505
fiatforassets,1506
RareWelsh,1507
PeterAnsel9,1508
BTC_Freeborn,1509
TheJoelMettler,1510
utxoset,1511
fiatforassets,1512
PatriceBTC,1513
PatriceBTC,1514
BTC_Freeborn,1515
BitcoinBO,1516
ashdraked,1517
taodejing2,1518
fiatforassets,1519
Capital15C,1520
SusieBdds,1521
,1522
,1523
,1524
BtcChewy,1525
MaliVitale,1526
SatoshiInUsAll,1527
taodejing2,1528
PeterAnsel9,1529
fiatforassets,1530
BadWolfHODL,1531
BTC_Freeborn,1532
utxoset,1533
HodlAlabamGhost,1534
BtcChewy,1535
sathoarder,1536
,1537
sathoarder,1538
FinneJay,1539
FinneJay,1540
FinneJay,1541
FinneJay,1542
FinneJay,1543
FinneJay,1544
FinneJay,1545
FinneJay,1546
FinneJay,1547
FinneJay,1548
FinneJay,1549
FinneJay,1550
FinneJay,1551
FinneJay,1552
FinneJay,1553
FinneJay,1554
FinneJay,1555
FinneJay,1556
FinneJay,1557
FinneJay,1558
FinneJay,1559
FinneJay,1560
FinneJay,1561
FinneJay,1562
FinneJay,1563
FinneJay,1564
FinneJay,1565
FinneJay,1566
FinneJay,1567
FinneJay,1568
FinneJay,1569
bamahodl,1570
,1571
fiatforassets,1572
PeterAnsel9,1573
BitcoinBo,1574
BitcoinBo,1575
MateoVanhorn,1576
MattsSats,
bryan21896,1577
bryan21896,1578
dario10312008,1579
,1580
ColumbusBitcoin,1581
sathoarder,1582
,1583
BicoinBo,1584
PeterAnsel9,1585
PeterAnsel9,1586
PeterAnsel9,1587
PeterAnsel9,1588
PeterAnsel9,1589
PeterAnsel9,1590
PeterAnsel9,1591
PeterAnsel9,1592
PeterAnsel9,1593
PeterAnsel9,1594
PeterAnsel9,1595
PeterAnsel9,1596
PeterAnsel9,1597
PeterAnsel9,1598
PeterAnsel9,1599
PeterAnsel9,1600
PeterAnsel9,1601
PeterAnsel9,1602
PeterAnsel9,1603
PeterAnsel9,1604
PeterAnsel9,1605
PeterAnsel9,1606
happyclowntime,1607
Capital15C,1608
taodejing2,1609
MaliVitale,1610
MaliVitale,1611
sathoarder,1612
sathoarder,1613
sathoarder,1614
bamahodl,1615
fiatforassets,1616
fiatforassets,1617
taodejing2,1618
ChillnBTC,1619
JohnOdetteMD,1620
JohnOdetteMD,1621
BtcChewy,1622
,1623
PeterAnsel9,1624
JohnOdetteMD,1625
JohnOdetteMD,1626
JohnOdetteMD,1627
JohnOdetteMD,1628
happyclowntime,1629
fiatforassets,1630
PeterAnsel9,1631
bamahodl,1632
ChillnBTC,1633
sathoarder,1634
BtcChewy,1635
,1636
ChillnBTC,1637
,1638
BitcoinOdyssey,1639
,1640
fiatforassets,1641
,1642
,1643
sathoarder,1644
BTC_Freeborn,1645
monshodl,1646
jc4466,1647
bamahodl,1648
fiatforassets,1649
,1650
ChillnBTC,1651
satskeeper,1652
bamahodl,1653
JohnOdetteMD,1654
JohnOdetteMD,1655
JohnOdetteMD,1656
bamahodl,1657
bamahodl,1658
bamahodl,1659
,1660
bamahodl,1661
sathoarder,1662
ChillnBTC,1663
ChillnBTC,1664
PeterAnsel9,1665
ChillnBTC,1666
ChillnBTC,1667
bamahodl,1668
ChillnBTC,1669
bamahodl,1670
ChillnBTC,1671
bamahodl,1672
ChillnBTC,1673
ChillnBTC,1674
ChillnBTC,1675
bamahodl,1676
ChillnBTC,1677
ChillnBTC,1678
bamahodl,1679
ChillnBTC,1680
ChillnBTC,1681
ChillnBTC,1682
ChillnBTC,1683
ChillnBTC,1684
bamahodl,1685
ChillnBTC,1686
ChillnBTC,1687
ChillnBTC,1688
ChillnBTC,1689
ChillnBTC,1690
ChillnBTC,1691
bamahodl,1692
ChillnBTC,1693
ChillnBTC,1694
ChillnBTC,1695
ChillnBTC,1696
,1697
ChillnBTC,1698
ChillnBTC,1699
ChillnBTC,1700
ChillnBTC,1701
,1702
ChillnBTC,1703
ChillnBTC,1704
ChillnBTC,1705
bamahodl,1706
MaliVitale,1707
BitcoinBo,1708
,1709
MaliVitale,1710
BitcoinBo,1711
Biggus Dickus,1712
Biggus Dickus,1713
Biggus Dickus,1714
Biggus Dickus,1715
Biggus Dickus,1716
Biggus Dickus,1717
Biggus Dickus,1718
Biggus Dickus,1719
Biggus Dickus,1720
Biggus Dickus,1721
Biggus Dickus,1722
Biggus Dickus,1723
Biggus Dickus,1724
Biggus Dickus,1725
Biggus Dickus,1726
Biggus Dickus,1727
Biggus Dickus,1728
Biggus Dickus,1729
Biggus Dickus,1730
Biggus Dickus,1731
Biggus Dickus,1732
__overflow_,1733
ChillnBTC,1734
ChillnBTC,1735
ChillnBTC,1736
ChillnBTC,1737
BitcoinBo,1738
BtcChewy,1739
Bamahodl,1740
__overflow_,1741
,1742
DocHodllday,1743
anon 1,1744
sathoarder,1745
,1746
anon 1,1747
taodejing2,1748
cornokun,1749
doctorsatoshiMD,1750
anon 1,1751
__overflow_,1752
doctorsatoshiMD,1753
FullTimeBitcoin,1754
cornokun,1755
chillnBTC,1756
doctorsatoshiMD,1757
JSJumping,1758
doctorsatoshiMD,1759
Blockhousecrypt,1760
Crystamped,
doctorsatoshiMD,1761
taodejing2,1762
coryklippsten,1763
doctorsatoshiMD,1764
coryklippsten,1765
PeterAnsel9,1766
PeterAnsel9,1767
PeterAnsel9,1768
PeterAnsel9,1769
PeterAnsel9,1770
PeterAnsel9,1771
PeterAnsel9,1772
PeterAnsel9,1773
sathoarder,1774
PeterAnsel9,1775
PeterAnsel9,1776
PeterAnsel9,1777
,1778
PeterAnsel9,1779
,1780
PeterAnsel9,1781
,1782
PeterAnsel9,1783
,1784
,1785
,1786
,1787
,1788
PeterAnsel9,1789
PeterAnsel9,1790
PeterAnsel9,1791
PeterAnsel9,1792
PeterAnsel9,1793
PeterAnsel9,1794
PeterAnsel9,1795
PeterAnsel9,1796
PeterAnsel9,1797
PeterAnsel9,1798
bamahodl,1799
StakchainBuddha,1800
StakchainBuddha,1801
StakchainBuddha,1802
PeterAnsel9,1803
PeterAnsel9,1804
PeterAnsel9,1805
PeterAnsel9,1806
StakchainBuddha,1807
StakchainBuddha,1808
BowTiedClubPro,1809
BTC_Freeborn,1810
PeterAnsel9,1811
fiatforassets,1812
PeterAnsel9,1813
PeterAnsel9,1814
PeterAnsel9,1815
PeterAnsel9,1816
PeterAnsel9,1817
taodejing2,1818
doctorsatoshiMD,1819
TheMoneyTech,1820
coryklippsten,1821
taodejing2,1822
BtcChewy,1823
ChillnBTC,1824
doctorsatoshiMD,1825
SusieBdds,1826
taodejing2,1827
taodejing2,1828
JSJumping,1829
NielJacobs,1830
WalkerAmerica,1831
KuiilHodl,1832
BtcChewy,1833
coryklippsten,1834
SatoshiInUsAll,1835
sathoarder,1836
,1837
taodejing2,1838
utxoset,1839
rwawoe,1840
doctorsatoshiMD,1841