height,builder
5,ArizonanHODL
6,happyclowntime
7,satskeeper
8,happyclowntime
9,N0US3F0R4N4M3
10,temahkwe
11,satskeeper
12,N0US3F0R4N4M3
13,happyclowntime
14,phathodl
15,sonoran_capital
16,AnthonyDessauer
17,sathoarder
18,happyclowntime
19,N0US3F0R4N4M3
20,N0US3F0R4N4M3
21,N0US3F0R4N4M3
23,satskeeper
24,AnthonyDessauer
25,sathoarder
26,oklahodl1
27,Nic_Farter
28,AnimalGlasswrks
29,satskeeper
30,AnimalGlasswrks
31,britttttkelly
32,moreBTCplease
33,Nic_Farter
34,sonoran_capital
35,satskeeper
36,sathoarder
37,happyclowntime
38,BoilerBitRoom
40,sonoran_capital
41,happyclowntime
42,moreBTCplease
43,satskeeper
44,BitcoinCarl_
45,PhileTech
46,sonoran_capital
47,chaircoin
48,SatoshiDeniz
49,happyclowntime
50,freeslave06
51,sonoran_capital
52,MassHodl
53,phathodl
54,happyclowntime
55,BitcoinCarl_
56,satskeeper
57,chaircoin
58,IwanRabbinstein
59,hodlorado
60,booleangang
61,jevidon
62,BitcoinianMan
63,BitcoinianMan
64,BitcoinianMan
65,BitcoinianMan
66,BitcoinianMan
67,BitcoinianMan
68,BitcoinianMan
69,BitcoinianMan
70,Nic_Farter
71,btcitadad
72,LPCapitalChi
73,bitman013
74,Nic_Farter
75,vincehunt13
76,CornMooNaut
77,corndalorian
78,uncle_maks
79,cornokun
80,cornokun
81,WhyBitcoinJ
82,phathodl
83,phathodl
84,sonoran_capital
85,sonoran_capital
86,SovereignIndi10
87,SovereignIndi10
88,YoshishiSatoshi
89,YoshishiSatoshi
90,YoshishiSatoshi
91,sathoarder
92,bitcoinkastle
93,YoshishiSatoshi
94,bitk0rns (deleted)
95,WhyBitcoinJ
96,cornokun
97,sonoran_capital
98,YoshishiSatoshi
99,YoshishiSatoshi
100,cornokun
101,bitk0rns (deleted)
102,YoshishiSatoshi
103,sathoarder
104,YoshishiSatoshi
105,elpasobitcoin
106,stel248
107,stevenSatoshi2
108,denverbitcoin
109,YoshishiSatoshi
110,sathoarder
111,hodlorado
112,newhopehodl
113,bitk0rns (deleted)
114,YoshishiSatoshi
115,sathoarder
116,btcitadad
117,Jadklein
118,YoshishiSatoshi
119,HodlAlabamGhost
120,rufhodl
121,nikolasatsla
122,YoshishiSatoshi
123,rufhodl
124,sathoarder
125,DecrimNat
126,bc1pw (Deleted)
127,bc1pw (Deleted)
128,HodlAlabamGhost
129,YoshishiSatoshi
130,point_btc
131,YoshishiSatoshi
132,YoshishiSatoshi
133,YoshishiSatoshi
134,point_btc
135,rufhodl
136,bitk0rns (deleted)
137,YoshishiSatoshi
138,satskeeper
139,bitk0rns (deleted)
140,rufhodl
141,bitman013
142,YoshishiSatoshi
143,uncle_maks
144,DanjaminDW
145,ungovbitcoin
146,IndyBTC
147,MassHodl
148,cornokun
149,sathoarder
150,PhileTech
151,YoshishiSatoshi
152,BitcoinCarl_
153,toomadbro (Deleted)
154,pleblira
155,sathoarder
156,DingDong3001
157,gettxoutsetinfo
158,KevinR4v
159,Nic_Farter
160,MitchellHODL
161,toomadbro (Deleted)
162,sathoarder
163,swaaalla
164,hodloevsky
165,IndividuSouvryn
166,BitcoinLefty
167,rufhodl
168,ArgenTo46
169,Tsartoshi
170,onthebrinkie
171,pleblira
172,sathoarder
173,FinneJay
174,lordboglin
175,fiatpack
176,sathoarder
177,pleblira
178,BitcoinLefty
179,YoshishiSatoshi
180,BitcoinianMan
181,cornokun
182,nikolasatsla
183,x_hodler
184,DylanLeClair_
185,NY_HODL
186,ShireHODL
188,BowTiedClubPro
189,sathoarder
190,Jadklein
191,21_btc
192,JohnOdetteMD
193,hashpuppeez
194,kit_sats
195,sathoarder
196,BtcOrNothing21M
197,YoshishiSatoshi
198,sonoran_capital
199,point_btc
200,DecrimNat
201,HodlAlabamGhost
202,jevidon
203,sathoarder
204,bradleychambers
205,hodlorado
206,TheGuySwann
207,StakchainBuddha
208,bamahodl
209,SovereignIndi10
210,Peelsanddeals
211,mollura
212,DanjaminDW
213,pleblira
214,BitcoinBulwark (Deleted)
215,BitcoinOdyssey
216,MancHODL
217,future_hodl
218,tensaibankai
219,PalestinianBTC
220,2EzJason
221,sathoarder
222,BitcoinOdyssey
223,SovereignIndi10
224,chaircoin
225,HodlMc
226,mionim3
227,PlebPlay
228,YoshishiSatoshi
229,derekmross
230,BitcoinIsaiah
231,BitcoinOdyssey
232,NHuvelle
233,StackchainQuant
234,BitcoinCarl_
235,NEEDcreations
236,BtcChewy
237,YoshishiSatoshi
238,BitcoinOdyssey
239,ScottyHODL
240,__overflow_
241,Rickstar72
242,ScottyHODL
243,RunJdub
244,SlapHands
245,JohnOdetteMD
246,HODLmom
247,StackchainQuant
248,stel248
249,BitcoinOdyssey
250,BitcoinOdyssey
251,johnnybuma
252,rufhodl
253,elpasobitcoin
254,tulkooo2
255,StackchainQuant
256,satskeeper
257,rufhodl
258,HodlAlabamGhost
259,MrClownWorld
260,ScottyHODL
261,Pleb4Fun
262,0xtr
263,RunJdub
264,Pleb4Fun
265,bamahodl
266,BitBuyByte
267,sathoarder
268,ScotiaHodl
269,sonoran_capital
270,BowTiedClubPro
271,rot13maxi
272,BitcoinLefty
273,callebtc
274,rot13maxi
275,BitcoinOdyssey
276,hashpuppeez
277,floundies
278,StakchainBuddha
279,djs_btc
280,StackchainQuant
281,zackvoell
282,CypherPony
283,HodlSaiyan
284,Stackjoin
285,djs_btc
286,mononautical
287,StormJib
288,FreedomMoney21
289,ScottyHODL
290,RunJdub
291,hodlsville
292,sathoarder
293,BitcoinOdyssey
294,BitcoinOdyssey
295,StakchainBuddha
296,b_i_s_c_u_i_t_s
297,Nic_Farter
298,Meditation_Man
299,johnnybuma
300,johnnybuma
301,StakchainBuddha
302,StackchainQuant
303,hodlorado
304,btcitadad
305,gauchoeddy
306,BTC_Freeborn
307,stewArtVandelay
308,fire_btc
309,mumerbukhari
310,lwbcbtc
311,BTC_Freeborn
312,YoshishiSatoshi
313,point_btc
314,lwbcbtc
315,sathoarder
316,bitk0rns (deleted)
317,yeagernakamoto
318,birdflip
319,LPCapitalChi
320,StakchainBuddha
321,bitcoinandfish
322,Capital15C
323,stillbtc
324,DaveAustin
325,BtcChewy
326,Volcanoblond
327,RustCityLabs
328,SovereignIndi10
329,ClydeCryptoDog
330,SovereignIndi10
331,PalestinianBTC
332,JohnOdetteMD
333,JohnOdetteMD
334,sathoarder
335,hyper_deflation
336,YoshishiSatoshi
337,PalestinianBTC
338,PalestinianBTC
339,hyper_deflation
340,nick_slaney
341,JackRonaldi
342,Capital15C
343,StakchainBuddha
344,DS_21M
345,BitcoinOdyssey
346,BitcoinOdyssey
347,G8XSU
348,mollura
349,HodlProtagonist
350,NukeMarz
351,ericromero
352,pacificemeralds
353,nickkrauts (deleted)
354,StackchainQuant
355,Dennis_Porter_
356,bitcoinmom
357,AlmostHeavenWV_
358,imjmiles
359,souldbuybtc
360,Metatainment
361,Asher68W
362,HodlAlabamGhost
363,mutatrum
364,StakchainBuddha
365,ungovbitcoin
366,w_s_bitcoin
367,YoshishiSatoshi
368,YoshishiSatoshi
369,CultureWar1984
370,Jose_S_bam
371,RunJdub
372,RunJdub
373,RunJdub
374,oomahq
375,LPCapitalChi
376,RPGMoney303
377,RPGMoney303
378,bitcoinkastle
379,AlecGriffin21
380,truthfulthird
381,stel248
382,dcotronejr
383,btcitadad
384,pacificemeralds
385,JohnnyAceves3
386,BowTiedClubPro
387,StakchainBuddha
388,StakchainBuddha
389,JODBTC
390,PalestinianBTC
391,PalestinianBTC
392,Trojan81
393,nickkrauts (deleted)
394,YoshishiSatoshi
395,YoshishiSatoshi
396,YoshishiSatoshi
397,nickkrauts (deleted)
398,yeagernakamoto
399,hashpuppeez
400,Volcanoblond
401,SaguaroSloth
402,hosekiapp
403,xavroland
404,BTC_Freeborn
405,YoshishiSatoshi
406,YoshishiSatoshi
407,YoshishiSatoshi
408,YoshishiSatoshi
409,YoshishiSatoshi
410,YoshishiSatoshi
411,YoshishiSatoshi
412,YoshishiSatoshi
413,YoshishiSatoshi
414,YoshishiSatoshi
415,YoshishiSatoshi
416,YoshishiSatoshi
417,YoshishiSatoshi
418,YoshishiSatoshi
419,YoshishiSatoshi
420,YoshishiSatoshi
421,BitcoinOdyssey
422,BitcoinOdyssey
423,sathoarder
424,TheMoneyTech
425,hashing2heating
426,TheMoneyTech
427,StakchainBuddha
428,mollura
429,truthfulthird
430,YoshishiSatoshi
431,Filoumannn
432,YoshishiSatoshi
433,StakchainBuddha
434,VoxPopoli86
435,HodlMc
436,skitoshi
437,nickkrauts (deleted)
438,codybaldwin
439,MylesHunter
440,JSJumping
441,nickkrauts (deleted)
442,YoshishiSatoshi
443,YoshishiSatoshi
444,YoshishiSatoshi
445,AisARagnar
446,dazbea1
447,mnzcmrz
448,Simon_Satoshi
449,BitcoinOdyssey
450,BitcoinOdyssey
451,BitcoinOdyssey
452,RPGMoney303
453,Capital15C
454,badcheffing
455,__overflow_
456,sathoarder
457,VoxPopoli86
458,ColumbusBitcoin
459,btcuserguide
460,rufhodl
461,nickkrauts (deleted)
462,sathoarder
463,btcitadad
464,HodlAlabamGhost
465,toro770
466,StakchainBuddha
467,JohnOdetteMD
468,JohnOdetteMD
469,JohnOdetteMD
470,YoshishiSatoshi
471,Nic_Farter
472,Jose_S_bam
473,noufsmith
474,BTC_Freeborn
475,BTC_for_Freedom
476,ajmellon
477,coryklippsten
478,coryklippsten
479,YoshishiSatoshi
480,
481,DrFOMO_Nash
482,AisARagnar
483,
484,AisARagnar
485,DarkTedrad
486,psychautist
487,unbeenfranked
488,MicahMcHODLson
489,BTCAaron
490,BitcoinBo
491,DougTee2
492,BTCAaron
493,Jose_S_bam
494,piramida
495,sndbtc
496,BitcoinBo
497,Capital15C
498,StakchainBuddha
499,RPGMoney303
500,RPGMoney303
501,RPGMoney303
502,RPGMoney303
503,Meditation_Man
504,D_plus_plus
505,StackchainQuant
506,cabincryptoguy
507,seeknonce
508,BitcoinBo
509,kuobano
510,pampit57
511,seeknonce
512,BitcoinBo
513,dave_gringo
514,dave_gringo
515,dave_gringo
516,dave_gringo
517,dave_gringo
518,dave_gringo
519,dave_gringo
520,dave_gringo
521,dave_gringo
522,dave_gringo
523,dave_gringo
524,dave_gringo
525,dave_gringo
526,dave_gringo
527,dave_gringo
528,dave_gringo
529,dave_gringo
530,dave_gringo
531,dave_gringo
532,YoshishiSatoshi
533,HodlAlabamGhost
534,HolySats
535,StakchainBuddha
536,StakchainBuddha
537,UsuallyMark
538,HodlMaryland
539,sathoarder
540,BigSeanHarris
541,BitcoinOdyssey
542,StakchainBuddha
543,truthfulthird
544,brendonculhane
545,brendonculhane
546,HodlMaryland
547,dave_gringo
548,wtfakamoto
549,YoshishiSatoshi
550,YoshishiSatoshi
551,YoshishiSatoshi
552,YoshishiSatoshi
553,YoshishiSatoshi
554,YoshishiSatoshi
555,YoshishiSatoshi
556,psychautist
557,sathoarder
558,HodlAlabamGhost
559,strictlyBTC
560,sathoarder
561,ShitCinc
562,Tylerban
563,MDoolsky
564,future_hodl
565,AlmostHeavenWV_
566,BTC_Freeborn
567,truthfulthird
568,sathoarder
569,BtcChewy
570,StackchainQuant
571,JohnOdetteMD
572,HodlSaiyan
573,Thelllix
574,Brah256_
575,Florida_Btc
576,Blackstone_fr
577,BTC_Freeborn
578,Blackstone_fr
579,SanDiegoPleb
580,BTC_Freeborn
581,BTC_Freeborn
582,BTC_Freeborn
583,Blackstone_fr
584,sathoarder
585,Crypto_Buckeye
586,taodejing2
587,jerimican5445
588,MaliVitale
589,decker_btc
590,sathoarder
591,taodejing2
592,BowTiedClubPro
593,FullTimeBitcoin
594,PortlandHODL
595,StackchainQuant
596,WalkerAmerica
597,Valuestackpod
598,btcitadad
599,hodlorado
600,truthfulthird
601,hyp0xicdrive
602,sathoarder
603,BitcoinBo
604,BtcChewy
605,rufhodl
606,rufhodl
607,rufhodl
608,maskoficarus (deleted)
609,crunkmaster
610,happyclowntime
611,YoshishiSatoshi
612,truthfulthird
613,YoshishiSatoshi
614,YoshishiSatoshi
615,bc1pw
616,BtcChewy
617,
,GreatLakesHodl
,Randy84772396
618,taodejing2
619,taodejing2
620,taodejing2
621,taodejing2
622,MaliVitale
623,taodejing2
624,SanDiegoPleb
625,taodejing2
626,dave_gringo
627,dave_gringo
628,taodejing2
629,taodejing2
630,Varillas_3
631,dave_gringo
632,yeagernakamoto
633,HodlSaiyan
634,__overflow_
635,sathoarder
636,CultureWar1984
637,HodlSaiyan
638,BtcChewy
639,sathoarder
640,HodlMc
641,mionim3
642,sathoarder
643,ColumbusBitcoin
644,ColumbusBitcoin
645,ColumbusBitcoin
646,ColumbusBitcoin
647,decker_btc
648,decker_btc
649,decker_btc
650,decker_btc
651,bamahodl
652,StackchainQuant
653,BtcChewy
654,BitcoinBo
655,future_hodl
656,efebitcoin
657,efebitcoin
658,efebitcoin
659,BtcChewy
660,sathoarder
661,BitcoinBo
662,MassHodl
663,MassHodl
664,MassHodl
665,psychautist
666,psychautist
667,hashing2heating
668,StormJib
669,StackchainQuant
670,StackchainQuant
671,StackchainQuant
672,StackchainQuant
673,FreedomMoney21
674,TheMoneyTech
675,sempercrescere
676,btc_plus_plus
677,The_BTC_Base
678,AutisticHODL
679,BitcoinBo
680,StakchainBuddha
681,NEEDcreations
682,StakchainBuddha
683,sathoarder
684,JSJumping
685,BtcChewy
686,GClef05
687,michael14473043
688,michael14473043
689,decker_btc
690,michael14473043
691,decker_btc
692,sathoarder
693,bitman013
694,bitman013
695,GClef05
696,GClef05
697,ChillnBTC
698,JohnOdetteMD
699,JohnOdetteMD
700,sathoarder
701,sathoarder
702,YoshishiSatoshi
703,YoshishiSatoshi
704,DBipolart
705,BowTiedClubPro
706,StackchainQuant
707,StackchainQuant
708,ItsTime4Bitcoin
709,sndbtc
710,sndbtc
711,MassHodl
712,derekmross
713,sathoarder
714,sathoarder
715,michael14473043
716,RunJdub
717,BTCMaxi21000000 (deleted)
718,thecryptoc0uple
719,hodlorado
720,blockbain
721,CultureWar1984
722,IronMetabolism
723,IronMetabolism
724,BTC_Freeborn
725,BitcoinOdyssey
726,decker_btc
727,ChillnBTC
728,JohnOdetteMD
729,BtcChewy
730,HodlMaryland
731,_Ben_in_Chicago
732,StackchainQuant
733,NWHODL
734,LPCapitalChi
735,spartan_hodl146
736,bamahodl
737,BitcoinBo
738,ajmellon
739,phathodl
740,mollura
741,JaimeWGarcia
,canavel9
742,BtcChewy
743,BtcChewy
744,BtcChewy
745,StackchainQuant
746,JaimeWGarcia
,WaldoVision3
747,StakchainBuddha
748,sathoarder
749,JohnOdetteMD
750,dissindollars
751,Capital15C
752,StakchainBuddha
753,BitcoinBlackSea
754,sathoarder
755,NEEDcreations
756,LPCapitalChi
757,Vikingobitcoin9
758,wowbitcoinrocks
759,BitcoinOdyssey
760,deeznutsbtc
761,jeremyshowalter
762,ChillnBTC
763,sathoarder
764,skoob777
765,Trigger__Down
766,BitcoinBulwark
767,MrClownWorld
768,BitcoinBo
769,YoshishiSatoshi
770,toro770
771,YoshishiSatoshi
772,YoshishiSatoshi
773,YoshishiSatoshi
774,YoshishiSatoshi
775,YoshishiSatoshi
776,YoshishiSatoshi
777,YoshishiSatoshi
778,PeterSa1717
779,BTCBrisket
780,BtcChewy
781,AnthonyDessauer
782,RustCityLabs
783,Mynima4
784,JaimeLoopz
785,Nic_Farter
786,bitman013
787,BtcChewy
788,sathoarder
789,StakchainBuddha
790,Trigger__Down
791,JSJumping
792,JSJumping
793,sathoarder
794,strictlyBTC
795,sathoarder
796,deeznutsbtc
797,utxoset
798,Simon_Satoshi
799,BitcoinBo
800,BitcoinBo
801,BitcoinBo
802,BitcoinBo
803,YoshishiSatoshi
804,YoshishiSatoshi
805,YoshishiSatoshi
806,YoshishiSatoshi
807,BitcoinBo
808,JaimeLoopz
809,bitcoinbbq
810,parman_the
811,sathoarder
812,LABRAHODL20
813,HodlProtagonist
814,michael14473043
815,bamahodl
816,realJeanRausis
817,thecryptoc0uple
818,taodejing2
819,michael14473043
820,michael14473043
821,michael14473043
822,michael14473043
823,SusieBdds
824,SusieBdds
825,SusieBdds
826,BitcoinShooter
827,SusieBdds
828,StakchainBuddha
829,stackysats
830,JSJumping
831,JSJumping
832,PJV97054642
833,ChillnBTC
834,bryan21896
835,bitcoindario
836,davidgshort
837,mercurygordon
838,sathoarder
839,sathoarder
840,ComeAtMeBroBTC
841,YoshishiSatoshi
842,YoshishiSatoshi
843,JODBTC
844,bitcoinbbq
845,Mynima4
846,FinneJay
847,stackysats
848,BowTiedClubPro
849,TYVR8
850,ungovbitcoin
851,ericcantmeme
852,hodlica
853,mionim3
854,PlebPlay
855,joshua_erby
,vicariousdrama
,crypto_0ptimist
856,BtcChewy
857,bryan21896
858,MDoolsky
859,JohnOdetteMD
860,JohnOdetteMD
861,HodlAlabamGhost
862,meta_logician
863,JSJumping
864,sathoarder
865,YoshishiSatoshi
866,hodlB4life
867,YoshishiSatoshi
868,YoshishiSatoshi
869,sathoarder
870,JSJumping
871,mercurygordon
872,JSJumping
873,YoshishiSatoshi
874,bitcoinbbq
875,Capital15C
876,geekigai
877,hodlB4life
878,parman_the
879,JSJumping
880,sathoarder
881,bryan21896
882,bitcoinbbq
883,taodejing2
884,taodejing2
885,taodejing2
886,taodejing2
887,taodejing2
888,taodejing2
889,MaliVitale
890,MaliVitale
891,taodejing2
892,MaliVitale
893,JohnOdetteMD
894,bitcoinbbq
895,MaliVitale
896,StakchainBuddha
897,sathoarder
898,sathoarder
899,sathoarder
900,sathoarder
901,sathoarder
902,StakchainBuddha
903,YoshishiSatoshi
904,YoshishiSatoshi
905,YoshishiSatoshi
906,YoshishiSatoshi
907,YoshishiSatoshi
908,YoshishiSatoshi
909,YoshishiSatoshi
910,YoshishiSatoshi
911,YoshishiSatoshi
912,YoshishiSatoshi
913,YoshishiSatoshi
914,YoshishiSatoshi
915,YoshishiSatoshi
916,YoshishiSatoshi
917,YoshishiSatoshi
918,YoshishiSatoshi
919,YoshishiSatoshi
920,Capital15C
921,RunJdub
922,sathoarder
923,bitcoindario
924,BitcoinOdyssey
925,BitcoinBo
926,DrFOMO_Nash
927,bamahodl
928,spacexmannequin
929,stackysats
930,fiatforassets
931,stakchainBuddha
932,sathoarder
933,bryan21896
934,YoshishiSatoshi
935,BitcoinOdyssey
936,LarryBinanceJr
937,BtcChewy
938,NWQLD
939,hkmccullough
940,DecrimNat
941,sathoarder
942,YoshishiSatoshi
943,bitcoindario
944,NWQLD
945,bitcoinordeath
946,Volcanoblond
947,paman_the
948,bitcoinbbq
949,BowTiedClubPro
950,YoshishiSatoshi
951,YoshishiSatoshi
952,bitcoinbbq
953,mionim3
954,BtcChewy
955,ComeAtMeBroBTC
956,fiatforassets
957,psychautist
958,psychautist
959,psychautist
960,sathoarder
961,YoshishiSatoshi
962,utxoset
963,utxoset
964,utxoset
965,utxoset
966,utxoset
967,utxoset
968,utxoset
969,utxoset
970,utxoset
971,utxoset
972,utxoset
973,utxoset
974,utxoset
975,utxoset
976,utxoset
977,utxoset
978,utxoset
979,utxoset
980,utxoset
981,utxoset
982,utxoset
983,utxoset
984,utxoset
985,utxoset
986,utxoset
987,cornokun
988,dasrecord
989,PeterAnsel9
990,Plutoshi_gm
991,M0FL0_
992,Semisol_Public
993,nikita_calm
994,sathoarder
995,bryan21896
996,realJeanRausis
997,realJeanRausis
998,realJeanRausis
999,realJeanRausis
1000,realJeanRausis
1001,utxoset
1002,hodlB4life
1003,hodlB4life
1004,YoshishiSatoshi
1005,YoshishiSatoshi
1006,YoshishiSatoshi
1007,YoshishiSatoshi
1008,YoshishiSatoshi
1009,YoshishiSatoshi
1010,YoshishiSatoshi
1011,YoshishiSatoshi
1012,YoshishiSatoshi
1013,YoshishiSatoshi
1014,YoshishiSatoshi
1015,YoshishiSatoshi
1016,YoshishiSatoshi
1017,YoshishiSatoshi
1018,YoshishiSatoshi
1019,YoshishiSatoshi
1020,YoshishiSatoshi
1021,YoshishiSatoshi
1022,YoshishiSatoshi
1023,YoshishiSatoshi
1024,YoshishiSatoshi
1025,YoshishiSatoshi
1026,YoshishiSatoshi
1027,YoshishiSatoshi
1028,RunJdub
1029,HODLmars
1030,_StoicBTC_
1031,_StoicBTC_
1032,_StoicBTC_
1033,HODLmars
1034,_StoicBTC_
1035,HODLmars
1036,HODLMars
1037,_StoicBTC_
1038,HODLMars
1039,derekmross
,arn_ld
1040,_StoicBTC_
1041,HODLmars
1042,HODLmars
1043,Filoumannn
1044,HODLmars
1045,HODLmars
1046,HODLmars
1047,HODLmars
1048,BarryDeen
1049,bamahodl
1050,BitcoinOdyssey
1051,BitcoinianMan
1052,yorios9312
1053,mionim3
1054,bitcoinbbq
1055,sathoarder
1056,Way2Lively
1057,Way2Lively
1058,Way2Lively
1059,MaliVitale
1060,parman_the
1061,utxoset
1062,_StoicBTC_
1063,_StoicBTC_
1064,FreeMarketBitty
1065,TYV28
1066,TYV28
1067,_StoicBTC_
1068,decker_btc
1069,decker_btc
1070,decker_btc
1071,decker_btc
1072,thecryptoc0uple
1073,decker_btc
1074,fiatforassets
1075,fiatforassets
1076,fiatforassets
1077,marcwparrish
1078,sathoarder
1079,fiatforassets
1080,marcwparrish
1081,marcwparrish
1082,marcwparrish
1083,marcwparrish
1084,marcwparrish
1085,marcwparrish
1086,marcwparrish
1087,marcwparrish
1088,marcwparrish
1089,marcwparrish
1090,marcwparrish
1091,PeterAnsel9
1092,utxoset
1093,utxoset
1094,utxoset
1095,utxoset
1096,utxoset
1097,utxoset
1098,utxoset
1099,utxoset
1100,utxoset
1101,utxoset
1102,utxoset
1103,utxoset
1104,utxoset
1105,utxoset
1106,utxoset
1107,utxoset
1108,utxoset
1109,utxoset
1110,utxoset
1111,hodlB4life
1112,DecrimNat
1113,ChillnBTC
1114,FinneJay
1115,truthfulthird
1116,AceOneTwo2
,jcope101
1117,sathoarder
1118,sathoarder
1119,decker_btc
1120,BowTiedClubPro
1121,PeterAnsel9
1122,utxoset
1123,FreeMarketBitty
1124,
1125,_StoicBTC_
1126,HodlAlabamGhost
1127,SaguaroSloth
1128,m1k__3
1129,StakchainBuddha
1130,southside263
1131,MrClownWorld
1132,truthfulthird
1133,truthfulthird
1134,dave_gringo
1135,MDoolsky
1136,toxicwholecoin
1137,truthfulthird
1138,bamahodl
1139,BTC_Freeborn
1140,sathoarder
1141,toro770
1142,AP_Bitcoin
1143,BtcChewy
1144,truthfulthird
1145,BtcChewy
1146,utxoset
1147,theillix
,astin_marton
1148,DaveAustin
1149,sathoarder
1150,BtcChewy
1151,JohnOdetteMD
1152,JohnOdetteMD
1153,mionim3
1154,BigNCheesy
1155,BigNCheesy
1156,bamahodl
1157,bamahodl
1158,bamahodl
1159,bamahodl
1160,bamahodl
1161,bamahodl
1162,NWQLD
1163,Capital15C
1164,BtcChewy
1165,masshodl
1166,bobvankirk
1167,scotoshi
1168,Motoshi929249948
1169,fiatforassets
1170,SatStakkin
1171,BtcChewy
1172,wowbitcoinrocks
1173,BigNCheesy
1174,BigNCheesy
1175,BigNCheesy
1176,BigNCheesy
1177,
1178,BTC_Freeborn
1179,BtcChewy
1180,cornokun
1181,ubeenfranked
1182,andersegenes
1183,ubeenfranked
1184,Duncan19Sard1
1185,fiatforassets
1186,DaveAustin
1187,fiatforassets
1188,taodejing2
1189,PeterAnsel9
1190,LuisMoreira0010
1191,SatStakkin
1192,bamahodl
1193,Lake_TaHODL
1194,michael14473043
1195,michael14473043
1196,SatStakkin
1197,SatStakkin
1198,Michael94377078
1199,BtcChewy
1200,hi_antlam
1201,Lake_TaHODL
1202,RunJdub
1203,ubeenfranked
1204,ChilInBTC
1205,andersegenes
1206,toxicwholecoin
1207,SiskronTom
1208,EryDayHustling
1209,fiatforassets
1210,BtcChewy
1211,ubeenfranked
1212,ubeenfranked
1213,ubeenfranked
1214,Hail_Odin666
1215,ubeenfranked
1216,JohnOdetteMD
1217,JohnOdetteMD
1218,JohnOdetteMD
1219,JohnOdetteMD
1220,JohnOdetteMD
1221,fiatforassets
1222,LoKoBTC
1223,CedYoungelman
1224,PeterAnsel9
1225,PeterAnsel9
1226,thecryptoc0up1e
1227,dricehomes
1228,taodejing2
1229,
1230,decker_btc
1231,long_21m
1232,utxoset
1233,BitBallin
1234,BTC_Freeborn
1235,BTC_Freeborn
1236,BTC_Freeborn
1237,Mynima4
1238,Mynima4
1239,AP_Bitcoin
1240,AP_Bitcoin
1241,AP_Bitcoin
1242,dricehomes
1243,bamahodl
1244,bamahodl
1245,bamahodl
1246,bamahodl
1247,bamahodl
1248,bamahodl
1249,bamahodl
1250,bamahodl
1251,bamahodl
1252,bamahodl
1253,bamahodl
1254,bamahodl
1255,bamahodl
1256,bamahodl
1257,bamahodl
1258,bamahodl
1259,bamahodl
1260,bamahodl
1261,bamahodl
1262,bamahodl
1263,bamahodl
1264,bamahodl
1265,bamahodl
1266,bamahodl
1267,bamahodl
1268,bamahodl
1269,bamahodl
1270,bamahodl
1271,bamahodl
1272,bamahodl
1273,bamahodl
1274,bamahodl
1275,bamahodl
1276,bamahodl
1277,bamahodl
1278,bamahodl
1279,bamahodl
1280,bamahodl
1281,bamahodl
1282,bamahodl
1283,bamahodl
1284,bamahodl
1285,bamahodl
1286,bamahodl
1287,bamahodl
1288,bamahodl
1289,bamahodl
1290,bamahodl
1291,bamahodl
1292,BtcChewy
1293,Motoshi92924948
1294,mionim3
1295,dricehomes
1296,WalkerAmerica
1297,sathoarder
1298,sathoarder
1299,fiatforassets
1300,RunJdub
1301,sathoarder
1302,andersegenes
1303,DaveAustin
1304,dricehomes
1305,Capital15C
1306,decker_btc
1307,utxoset
1308,utxoset
1309,utxoset
1310,utxoset
1311,utxoset
1312,utxoset
1313,utxoset
1314,utxoset
1315,utxoset
1316,utxoset
1317,utxoset
1318,utxoset
1319,Puppertoshi2
1320,fiatforassets
1321,HodlAlabamGhost
1322,bamahodl
1323,BTC_Freeborn
1324,BigNCheesy
1325,BigNCheesy
1326,ChillnBTC
1327,utxoset
1328,ChillnBTC
1329,utxoset
1330,BTC_Freeborn
1331,BTC_Freeborn
1332,hi_antlam
1333,bamahodl
1334,Motoshi92924948
1335,utxoset
1336,YoshishiSatoshi
1337,YoshishiSatoshi
1338,taodejing2
1339,sathoarder
1340,dricehomes
1341,BTC_Freeborn
1342,utxoset
1343,StakchainBuddha
1344,PeterAnsel9
1345,fiatforassets
1346,utxoset
1347,wt1oz
1348,StakchainBuddha
1349,truthfulthird
1350,BitcoinUndisc
1351,BitcoinUndisc
1352,BtcChewy
1353,BtcChewy
1354,JohnOdetteMD
1355,dergigi
1356,BitcoinOdyssey
1357,utxoset
1358,utxoset
1359,utxoset
1360,utxoset
1361,utxoset
1362,utxoset
1363,utxoset
1364,utxoset
1365,utxoset
1366,utxoset
1367,
1368,MaliVitale
1369,utxoset
1370,SiskronTom
1371,rob_redcorn
,GHodl88
,bryan21896
1372,fiatforassets
1373,
1374,truthfulthird
1375,bamahodl
1376,MateoVanhorn
,OrangePild
,BtcLiberty
1377,utxoset
1378,dricehomes
1379,BTC_Freeborn
1380,
1381,BitPundit
1382,utxoset
1383,happyclowntime
1384,fiatforassets
1385,BtcChewy
1386,BTC_Freeborn
1387,BtcChewy
1388,taodejing2
1389,utxoset
1390,ChillnBTC
1391,Motoshi92924948
1392,utxoset
1393,unbeenfranked
1394,mionim3
1395,
1396,
1397,
1398,fiatforassets
1399,BitcoinOdyssey
1400,JohnOdetteMD
1401,BTC_Freeborn
1402,ChillnBTC
1403,JohnOdetteMD
1404,JohnOdetteMD
1405,JohnOdetteMD
1406,JohnOdetteMD
1407,JohnOdetteMD
1408,JohnOdetteMD
1409,JohnOdetteMD
1410,JohnOdetteMD
1411,JohnOdetteMD
1412,JohnOdetteMD
1413,JohnOdetteMD
1414,JohnOdetteMD
1415,ChillnBTC
1416,utxoset
1417,ChillnBTC
1418,
1419,OrangePild
1420,OrangePild
1421,OrangePild
1422,OrangePild
1423,
1424,fiatforassets
1425,BitcoinBo
1426,yeagernakamoto
1427,BadWolfHODL
1428,
1429,
1430,fiatforassets
1431,BtcChewy
1432,doctorsatoshiMD
1433,utxoset
1434,BoilerBitRoom
1435,ChillnBTC
1436,PeterAnsel9
1437,fiatforassets
1438,BtcChewy
1439,ChartsBTC
1440,BTC_Freeborn
1441,mac_martins
1442,HodlAlabamGhost
1443,utxoset
1444,LoKoBTC
1445,_StoicBTC_
1446,_StoicBTC_
1447,coldhardbtc
1448,coldhardbtc
1449,coldhardbtc
1450,coldhardbtc
1451,coldhardbtc
1452,coldhardbtc
1453,fiatforassets
1454,BtcChewy
1455,ChillnBTC
1456,AndrejCibik
,Train_Johnson
1457,bamahodl
1458,BitcoinOdyssey
1459,BTC_Freeborn
1460,bamahodl
1461,Motoshi929249948
1462,BitcoinBo
1463,fiatforassets
1464,sathoarder
1465,BtcChewy
1466,sathoarder
1467,taodejing2
1468,ChillnBTC
1469,ChillnBTC
1470,BTC_Freeborn
1471,utxoset
1472,
1473,ChillnBTC
1474,MaliVitale
1475,bamahodl
1476,Motoshi92924948
1477,
1478,taodejing2
1479,BTC_Freeborn
1480,utxoset
1481,Masshodl
1482,StakchainBuddha
1483,fiatforassets
1484,JohnOdette MD
1485,TheJoelMettler
1486,
1487,ChillnBTC
1488,coldhardbtc
1489,BitcoinBo
1490,
1491,utxoset
1492,caroghero
1493,BtcChewy
1494,MaliVitale
1495,taodejing2
1496,bamahodl
1497,MassHodl
1498,realJeanRausis
1499,realJeanRausis
1500,realJeanRausis
1501,realJeanRausis
1502,Masshodl
1503,sathoarder
1504,fiatforassets
1505,fiatforassets
1506,fiatforassets
1507,RareWelsh
1508,PeterAnsel9
1509,BTC_Freeborn
1510,TheJoelMettler
1511,utxoset
1512,fiatforassets
1513,PatriceBTC
1514,PatriceBTC
1515,BTC_Freeborn
1516,BitcoinBO
1517,ashdraked
1518,taodejing2
1519,fiatforassets
1520,Capital15C
1521,SusieBdds
1522,
1523,
1524,
1525,BtcChewy
1526,MaliVitale
1527,SatoshiInUsAll
1528,taodejing2
1529,PeterAnsel9
1530,fiatforassets
1531,BadWolfHODL
1532,BTC_Freeborn
1533,utxoset
1534,HodlAlabamGhost
1535,BtcChewy
1536,sathoarder
1537,
1538,sathoarder
1539,FinneJay
1540,FinneJay
1541,FinneJay
1542,FinneJay
1543,FinneJay
1544,FinneJay
1545,FinneJay
1546,FinneJay
1547,FinneJay
1548,FinneJay
1549,FinneJay
1550,FinneJay
1551,FinneJay
1552,FinneJay
1553,FinneJay
1554,FinneJay
1555,FinneJay
1556,FinneJay
1557,FinneJay
1558,FinneJay
1559,FinneJay
1560,FinneJay
1561,FinneJay
1562,FinneJay
1563,FinneJay
1564,FinneJay
1565,FinneJay
1566,FinneJay
1567,FinneJay
1568,FinneJay
1569,FinneJay
1570,bamahodl
1571,
1572,fiatforassets
1573,PeterAnsel9
1574,BitcoinBo
1575,BitcoinBo
1576,MateoVanhorn
,MattsSats
1577,bryan21896
1578,bryan21896
1579,dario10312008
1580,
1581,ColumbusBitcoin
1582,sathoarder
1583,
1584,BicoinBo
1585,PeterAnsel9
1586,PeterAnsel9
1587,PeterAnsel9
1588,PeterAnsel9
1589,PeterAnsel9
1590,PeterAnsel9
1591,PeterAnsel9
1592,PeterAnsel9
1593,PeterAnsel9
1594,PeterAnsel9
1595,PeterAnsel9
1596,PeterAnsel9
1597,PeterAnsel9
1598,PeterAnsel9
1599,PeterAnsel9
1600,PeterAnsel9
1601,PeterAnsel9
1602,PeterAnsel9
1603,PeterAnsel9
1604,PeterAnsel9
1605,PeterAnsel9
1606,PeterAnsel9
1607,happyclowntime
1608,Capital15C
1609,taodejing2
1610,MaliVitale
1611,MaliVitale
1612,sathoarder
1613,sathoarder
1614,sathoarder
1615,bamahodl
1616,fiatforassets
1617,fiatforassets
1618,taodejing2
1619,ChillnBTC
1620,JohnOdetteMD
1621,JohnOdetteMD
1622,BtcChewy
1623,
1624,PeterAnsel9
1625,JohnOdetteMD
1626,JohnOdetteMD
1627,JohnOdetteMD
1628,JohnOdetteMD
1629,happyclowntime
1630,fiatforassets
1631,PeterAnsel9
1632,bamahodl
1633,ChillnBTC
1634,sathoarder
1635,BtcChewy
1636,
1637,ChillnBTC
1638,
1639,BitcoinOdyssey
1640,
1641,fiatforassets
1642,
1643,
1644,sathoarder
1645,BTC_Freeborn
1646,monshodl
1647,jc4466
1648,bamahodl
1649,fiatforassets
1650,
1651,ChillnBTC
1652,satskeeper
1653,bamahodl
1654,JohnOdetteMD
1655,JohnOdetteMD
1656,JohnOdetteMD
1657,bamahodl
1658,bamahodl
1659,bamahodl
1660,
1661,bamahodl
1662,sathoarder
1663,ChillnBTC
1664,ChillnBTC
1665,PeterAnsel9
1666,ChillnBTC
1667,ChillnBTC
1668,bamahodl
1669,ChillnBTC
1670,bamahodl
1671,ChillnBTC
1672,bamahodl
1673,ChillnBTC
1674,ChillnBTC
1675,ChillnBTC
1676,bamahodl
1677,ChillnBTC
1678,ChillnBTC
1679,bamahodl
1680,ChillnBTC
1681,ChillnBTC
1682,ChillnBTC
1683,ChillnBTC
1684,ChillnBTC
1685,bamahodl
1686,ChillnBTC
1687,ChillnBTC
1688,ChillnBTC
1689,ChillnBTC
1690,ChillnBTC
1691,ChillnBTC
1692,bamahodl
1693,ChillnBTC
1694,ChillnBTC
1695,ChillnBTC
1696,ChillnBTC
1697,
1698,ChillnBTC
1699,ChillnBTC
1700,ChillnBTC
1701,ChillnBTC
1702,
1703,ChillnBTC
1704,ChillnBTC
1705,ChillnBTC
1706,bamahodl
1707,MaliVitale
1708,BitcoinBo
1709,
1710,MaliVitale
1711,BitcoinBo
1712,Biggus Dickus
1713,Biggus Dickus
1714,Biggus Dickus
1715,Biggus Dickus
1716,Biggus Dickus
1717,Biggus Dickus
1718,Biggus Dickus
1719,Biggus Dickus
1720,Biggus Dickus
1721,Biggus Dickus
1722,Biggus Dickus
1723,Biggus Dickus
1724,Biggus Dickus
1725,Biggus Dickus
1726,Biggus Dickus
1727,Biggus Dickus
1728,Biggus Dickus
1729,Biggus Dickus
1730,Biggus Dickus
1731,Biggus Dickus
1732,Biggus Dickus
1733,__overflow_
1734,ChillnBTC
1735,ChillnBTC
1736,ChillnBTC
1737,ChillnBTC
1738,BitcoinBo
1739,BtcChewy
1740,Bamahodl
1741,__overflow_
1742,
1743,DocHodllday
1744,anon 1
1745,sathoarder
1746,
1747,anon 1
1748,taodejing2
1749,cornokun
1750,doctorsatoshiMD
1751,anon 1
1752,__overflow_
1753,doctorsatoshiMD
1754,FullTimeBitcoin
1755,cornokun
1756,chillnBTC
1757,doctorsatoshiMD
1758,JSJumping
1759,doctorsatoshiMD
1760,Blockhousecrypt
,Crystamped
1761,doctorsatoshiMD
1762,taodejing2
1763,coryklippsten
1764,doctorsatoshiMD
1765,coryklippsten
1766,PeterAnsel9
1767,PeterAnsel9
1768,PeterAnsel9
1769,PeterAnsel9
1770,PeterAnsel9
1771,PeterAnsel9
1772,PeterAnsel9
1773,PeterAnsel9
1774,sathoarder
1775,PeterAnsel9
1776,PeterAnsel9
1777,PeterAnsel9
1778,
1779,PeterAnsel9
1780,
1781,PeterAnsel9
1782,
1783,PeterAnsel9
1784,
1785,
1786,
1787,
1788,
1789,PeterAnsel9
1790,PeterAnsel9
1791,PeterAnsel9
1792,PeterAnsel9
1793,PeterAnsel9
1794,PeterAnsel9
1795,PeterAnsel9
1796,PeterAnsel9
1797,PeterAnsel9
1798,PeterAnsel9
1799,bamahodl
1800,StakchainBuddha
1801,StakchainBuddha
1802,StakchainBuddha
1803,PeterAnsel9
1804,PeterAnsel9
1805,PeterAnsel9
1806,PeterAnsel9
1807,StakchainBuddha
1808,StakchainBuddha
1809,BowTiedClubPro
1810,BTC_Freeborn
1811,PeterAnsel9
1812,fiatforassets
1813,PeterAnsel9
1814,PeterAnsel9
1815,PeterAnsel9
1816,PeterAnsel9
1817,PeterAnsel9
1818,taodejing2
1819,doctorsatoshiMD
1820,TheMoneyTech
1821,coryklippsten
1822,taodejing2
1823,BtcChewy
1824,ChillnBTC
1825,doctorsatoshiMD
1826,SusieBdds
1827,taodejing2
1828,taodejing2
1829,JSJumping
1830,NielJacobs
1831,WalkerAmerica
1832,KuiilHodl
1833,BtcChewy
1834,coryklippsten
1835,SatoshiInUsAll
1836,sathoarder
1837,
1838,taodejing2
1839,utxoset
1840,rwawoe
1841,doctorsatoshimd
1842,fiatforassets
1843,btcchewy
1844,peteransel9
1845,fiatforassets
1846,sathoarder
1847,utxoset
1848,fiatforassets
1849,btcchewy
1850,daveaustin
1851,davidwearden
1852,utxoset
1853,stakchainbuddha
1854,coryklippsten
1855,badwolfhodl
1856,doctorsatoshimd
1857,nwhodl
1858,truthfulthird
1859,finnejay
1860,utxoset
1861,btc_freeborn
1862,peteransel9
1863,sandiegopleb
1864,
1865,__overflow_
1866,kuiilhodl
1867,btcchewy
1868,btcchewy
1869,ben_in_chicago
1870,triple_jahh
1871,kuiilhodl
1872,sathoarder
1873,kuiilhodl
1874,kuiilhodl
1875,kuiilhodl
1876,kuiilhodl
1877,kuiilhodl
1878,kuiilhodl
1879,kuiilhodl
1880,kuiilhodl
1881,kuiilhodl
1882,kuiilhodl
1883,kuiilhodl
1884,btcchewy
1885,taodejing2
1886,autistichodl
1887,taodejing2
1888,taodejing2
1889,stakchainbuddha
1890,btc_satanista
1891,kuiilhodl
1892,kuiilhodl
1893,peteransel9
1894,peteransel9
1895,rwawoe
1896,
1897,sathoarder
1898,taodejing2
1899,sathoarder
1900,illiteratewithd
1901,illiteratewithd
1902,ghostof_xeqt_mf
1903,masshodlghost
1904,jaimeloopz
1905,Thejoelmettler
1906,btc_satanista
1907,luismoreira0010
1908,
1909,
1910,sathoarder
1911,fiatforassets
1912,coryklippsten
1913,
1914,beefsupreme14
1915,mitchellhodl
,calypsoipso
1916,
1917,johngalthodl
1918,btc_satanista
1919,illiteratewithd
1920,illiteratewithd
1921,peteransel9
1922,utxoset
1923,peteransel9
1924,utxoset
1925,utxoset
1926,jc4466
1927,fiatforassets
1928,peteransel9
1929,illiteratewithd
1930,fiatforassets
1931,peteransel9
1932,masshodlghost
1933,masshodlghost
1934,utxoset
1935,btc_satanista
1936,illiteratewithd
1937,illiteratewithd
1938,illiteratewithd
1939,illiteratewithd
1940,illiteratewithd
1941,illiteratewithd
1942,illiteratewithd
1943,illiteratewithd
1944,masshodlghost
1945,doctorsatoshimd
1946,
1947,btc_satanista
1948,nowlblack7
,unbuckledputini
1949,
1950,
1951,
1952,masshodlghost
1953,masshodlghost
1954,masshodlghost
1955,masshodlghost
1956,masshodlghost
1957,masshodlghost
1958,masshodlghost
1959,masshodlghost
1960,masshodlghost
1961,masshodlghost
1962,peteransel9
1963,peteransel9
1964,doctorsatoshimd
1965,
1966,sathoarder
1967,sathoarder
1968,kuiilhodl
1969,sathoarder
1970,sathoarder
1971,peteransel9
1972,kuiilhodl
1973,kuiilhodl
1974,kuiilhodl
1975,fiatforassets
1976,johngalthodl
,s256anon002
,s256anon003
1977,runjdub
1978,illiteratewithd
1979,peteransel9
1980,
1981,
1982,btc_satanista
1983,mandalorywins
1984,rwawoe
1985,peteransel9
1986,jaimeloopz
1987,
1988,btcboatparty
1989,peteransel9
1990,jc4466
1991,fiatforassets
1992,sathoarder
1993,phathodl
1994,doctorsatoshimd
1995,illiteratewithd
1996,sathoarder
1997,albertosolana
1998,lokobtc
1999,coryklippsten
2000,coryklippsten
2001,coryklippsten
2002,hi_antlam
2003,Davidwearden
2004,oldirtybitcoinr
2005,veetipitkoilija
2006,brokensystem20
2007,brokensystem20
2008,brokensystem20
2009,
2010,peteransel9
2011,peteransel9
2012,fiatforassets
2013,btc_satanista
2014,btc_satanista
2015,fiatforassets
2016,rowdynightrain
2017,brokensystem20
2018,brokensystem20
2019,plan_marcus
2020,brokensystem20
2021,life2_one
2022,duncan19sard1
2023,almostheavenWV_
2024,almostheavenWV_
2025,rwawoe
2026,stakchainbuddha
2027,
2028,btc_satanista
2029,sathoarder
2030,btc_satanista
2031,schiffamoto
2032,
2033,
2034,brokensystem20
2035,parman_the
2036,brokensystem20
2037,asteroidfuture
2038,brokensystem20
2039,crystamped
2040,
2041,brokensystem20
2042,bryan21896
2043,
2044,brokensystem20
2045,beefsupreme14
,joonyerz
2046,jileezie
2047,doctorsatoshiMD
2048,phathodl
2049,jsjumping
2050,bobvankirk
2051,brokensystem20
2052,asteroidfuture
2053,asteroidfuture
2054,b1tcoinmark
2055,b1tcoinmark
2056,b1tcoinmark
2057,b1tcoinmark
2058,sathoarder
2059,parzivalsatoshi
2060,albertosolana
2061,peteransel9
2062,jc4466
2063,doctorsatoshiMD
2064,taodejing2
2065,malivitale
2066,peteransel9
2067,schiffamoto
2068,taodejing2
2069,peteransel9
2070,bitcoinordeath
2071,bitcoinordeath
2072,peteransel9
2073,peteransel9
2074,BrokenSystem20
2075,BrokenSystem20
2076,gettxoutsetinfo
2077,jeremyshowalter
2078,coryklippsten
2079,guiamadogomes
2080,saylor
2081,BrokenSystem20
2082,simulx
2083,BrokenSystem20
2084,rwawoe
2085,jamesroloff
2086,sentientsg
2087,sentientsg
2088,BrokenSystem20
2089,coryklippsten
2090,sathoarder
2091,bigncheesy
2092,jeremyshowalter
2093,sathoarder
2094,illiteratewithd
2095,BrokenSystem20
2096,BrokenSystem20
2097,bryan21896
2098,illiteratewithd
2099,bryan21896
2100,bryan21896
2101,1GLENCo
2102,
2103,
2104,
2105,_texastoast
2106,laurenoflight_
,jtrag
,bitcoinshooter
2107,toadejing2
2108,johnodettemd
2109,johnodettemd
2110,
2111,schiffamoto
2112,stillbtc
2113,FossGregfoss
2114,bryan21896
2115,iam_andysee
2116,Waldovision3
2117,cosaNodestra
2118,cosaNodestra
2119,cosaNodestra
2120,cosaNodestra
2121,cosaNodestra
2122,sathoarder
2123,satscoffee
2124,peteransel9
2125,hyper_deflation
2126,hyper_deflation
2127,anon256sc6
,oklahodl1
,Arongahagan
2128,hyper_deflation
2129,daveaustin
2130,bitcoinodyssey
2131,BrokenSystem20
2132,bigncheesy
2133,pokerwithnobody
2134,yeagernakamoto
2135,almostheavenWV_
2136,BrokenSystem20
2137,sathoarder
2138,sathoarder
2139,bigbarrybitcoin
,versie21m
,BitcoinDilf
2140,oldirtybitcoinr
,asteroidfuture
2141,MapABitcoin
,illiteratewithd
,craigshipp
,anonorator
,satoshifc
,BTCBoatParty
2142,
2143,germanosanna
,bitcoinpup
,vikingobitcoin9
,anon256s7
,btctrek
2144,BrokenSystem20
2145,jaimeloopz
2146,bigncheesy
2147,pokerwithwoody
2148,sathoarder
2149,AdamSimecka
2150,bitcoinordeath
2151,BrokenSystem20
2152,BrokenSystem20
2153,BrokenSystem20
2154,utxo_one
2155,DocHodllday
2156,FinneJay
2157,de3code
2158,peteransel9
2159,tulkooo2
,turtleybeez
2160,satoshiinusall
2161,satoshiinusall
2162,satoshiinusall
2163,satoshiinusall
2164,satoshifc
2165,Brokensystem20
2166,Brokensystem20
2167,bryan21896
2168,dochodllday
2169,Brokensystem20
2170,johnodettemd
2171,thejoelmettler
2172,
2173,bigncheesy
2174,bigncheesy
2175,Brokensystem20
2176,
2177,
2178,
2179,VFD_Coins
,cryptonomicThe
2180,
2181,sathoarder
2182,
2183,Brokensystem20
2184,phi_ci
2185,rwawoe
2186,schulzzy
2187,dochodllday
2188,sathoarder
2189,crypto_0ptimist
2190,AP_Bitcoin
2191,Brokensystem20
2192,LV_BTC
2193,hodlersjourney
,mandaloryanx
2194,bryan21896
2195,kinetic_finance
2196,dylanleclair_
2197,peteransel9
2198,nikcantmine
2199,josebitcoiner
2200,Brokensystem20
2201,
2202,beefsupreme14
2203,sathoarder
2204,bitcoinbo
2205,brokensystem20
2206,cptcracken
2207,brokensystem20
2208,BitcoinOdyssey
2209,iambrendanryan
,goingblindsee
2210,
2211,TheBtcPeen
,StackchainSig
2212,Sathoarder
2213,PeterAnsel
2214,
2215,FossGregfoss
2216,TheJoelMettler
2217,
2218,goingblindsee
2219,Breedlove22
2220,BrokenSystem20
2221,PeterAnsel9
2222,PeterAnsel9
2223,PeterAnsel9
2224,CowGalKaori
2225,CowGalKaori
2226,CowGalKaori
2227,CowGalKaori
2228,CowGalKaori
2229,CowGalKaori
2230,CowGalKaori
2231,BitcoinOdyssey
2232,
2233,BrokenSystem20
2234,BrokenSystem20
2235,BrokenSystem20
2236,BrokenSystem20
2237,PeterAnsel9
2238,barclaytwillia1
,btcsethb
,plebdylanw
,cryptoparrel
2239,BrokenSystem20
2240,FossGregfoss
2241,sathoarder
2242,BrokenSystem20
2243,BrokenSystem20
2244,BrokenSystem20
2245,BrokenSystem20
2246,BrokenSystem20
2247,doylejeffrey
2248,satoshiinusall
2249,satoshiinusall
2250,satoshiinusall
2251,satoshiinusall
2252,satoshiinusall
2253,satoshiinusall
2254,satoshiinusall
2255,satoshiinusall
2256,satoshiinusall
2257,cowgalkaori
2258,
2259,ClydeCryptoDog
2260,bitcoinwarden
,iambrendanryan
2261,Bobsmoms666
2262,goingblindsee
2263,BrokenSystem20
2264,BrokenSystem20
2265,BrokenSystem20